<?xml version="1.0" encoding="UTF-8"?>
<!DOCTYPE suite SYSTEM "https://testng.org/testng-1.0.dtd">
<suite name="SmokeSuite">
    <listeners>
        <listener
                class-name="org.framework.playwright.listener.ListenerImplimentation"></listener>
    </listeners>
    <test name="Test">
    <groups>
			<run>
				<include name="Smoke"></include>
			</run>
		</groups>
		
    <classes>
             <class name="smoke_test_cases.StudioPageSmokeTest"/>
             <class name="smoke_test_cases.ProjectCloningTest"/>
    </classes>                             
            </test> <!--
	Test -->
</suite> <!--
Suite -->
